Nature index,Count,Percent
0,4881,0.5%
0.028125,25,0.0%
0.225,64,0.0%
0.253125,184,0.0%
0.28125,261,0.0%
0.309375,541,0.1%
0.3195,13,0.0%
0.3345,212,0.0%
0.3375,376,0.0%
0.343125,63,0.0%
0.3495,124,0.0%
0.358125,241,0.0%
0.3645,107,0.0%
0.365625,392,0.0%
0.373125,815,0.1%
0.375,67,0.0%
0.3795,102,0.0%
0.388125,1071,0.1%
0.39,26,0.0%
0.39375,12,0.0%
0.3945,8,0.0%
0.403125,416,0.0%
0.405,47,0.0%
0.4095,3,0.0%
0.418125,225,0.0%
0.42,50,0.0%
0.4245,6,0.0%
0.425625,3,0.0%
0.433125,496,0.1%
0.4395,9,0.0%
0.448125,622,0.1%
0.45,8,0.0%
0.4545,2,0.0%
0.459375,170,0.0%
0.463125,33,0.0%
0.463125,292,0.0%
0.465,37,0.0%
0.47625,33,0.0%
0.478125,97,0.0%
0.48,61,0.0%
0.4845,1,0.0%
0.489375,30,0.0%
0.49125,220,0.0%
0.493125,7179,0.7%
0.495,146,0.0%
0.4995,3,0.0%
0.504375,658,0.1%
0.50625,135,0.0%
0.508125,11134,1.1%
0.51,91,0.0%
0.515625,88,0.0%
0.519375,3757,0.4%
0.52125,784,0.1%
0.523125,28793,2.9%
0.525,96,0.0%
0.5295,2,0.0%
0.534375,5885,0.6%
0.53625,1247,0.1%
0.538125,12403,1.3%
0.54,113,0.0%
0.54375,59,0.0%
0.5445,1,0.0%
0.5475,686,0.1%
0.549375,2324,0.2%
0.55,3319,0.3%
0.55125,12293,1.2%
0.553125,5014,0.5%
0.555,164,0.0%
0.5625,3101,0.3%
0.564375,1598,0.2%
0.56625,16196,1.6%
0.568125,7004,0.7%
0.57,156,0.0%
0.5745,2,0.0%
0.575625,515,0.1%
0.5775,4318,0.4%
0.578125,50,0.0%
0.579375,10863,1.1%
0.58125,4321,0.4%
0.583125,3242,0.3%
0.585,143,0.0%
0.585,170,0.0%
0.590625,2967,0.3%
0.5925,3271,0.3%
0.594375,20779,2.1%
0.59625,6589,0.7%
0.598125,5705,0.6%
0.6,769,0.1%
0.605625,4787,0.5%
0.6075,2775,0.3%
0.609375,8619,0.9%
0.61125,1921,0.2%
0.613125,9691,1.0%
0.613125,1217,0.1%
0.615,137,0.0%
0.620625,2820,0.3%
0.6225,10933,1.1%
0.624375,9898,1.0%
0.62625,3809,0.4%
0.628125,3546,0.4%
0.63,215,0.0%
0.635625,2022,0.2%
0.6375,10306,1.0%
0.639375,4757,0.5%
0.64125,6802,0.7%
0.643125,6559,0.7%
0.645,218,0.0%
0.64875,141,0.0%
0.650625,5318,0.5%
0.6525,1438,0.1%
0.654375,6737,0.7%
0.65625,2943,0.3%
0.658125,2727,0.3%
0.66,241,0.0%
0.66375,583,0.1%
0.6645,11,0.0%
0.665625,2530,0.3%
0.6675,2376,0.2%
0.669375,1810,0.2%
0.669375,5989,0.6%
0.67125,3819,0.4%
0.673125,3718,0.4%
0.675,367,0.0%
0.67875,362,0.0%
0.680625,1452,0.1%
0.6825,2388,0.2%
0.684375,4887,0.5%
0.68625,688,0.1%
0.688125,1221,0.1%
0.688125,1964,0.2%
0.69,40,0.0%
0.695625,644,0.1%
0.6975,1410,0.1%
0.6975,2927,0.3%
0.699375,10934,1.1%
0.70125,697,0.1%
0.703125,3966,0.4%
0.705,280,0.0%
0.70875,93,0.0%
0.710625,729,0.1%
0.7125,5499,0.6%
0.714375,6723,0.7%
0.71625,722,0.1%
0.71625,2881,0.3%
0.718125,5097,0.5%
0.72,767,0.1%
0.725625,1023,0.1%
0.7275,8840,0.9%
0.729375,5852,0.6%
0.73125,2118,0.2%
0.733125,3853,0.4%
0.735,637,0.1%
0.740625,500,0.1%
0.7425,11738,1.2%
0.744375,2077,0.2%
0.744375,1904,0.2%
0.74625,260,0.0%
0.74625,3152,0.3%
0.748125,3544,0.4%
0.75,281,0.0%
0.75375,30,0.0%
0.755625,672,0.1%
0.7575,9089,0.9%
0.759375,3741,0.4%
0.76125,3147,0.3%
0.763125,3409,0.3%
0.765,31,0.0%
0.765,186,0.0%
0.76875,67,0.0%
0.770625,644,0.1%
0.7725,2534,0.3%
0.7725,2380,0.2%
0.774375,1358,0.1%
0.774375,1283,0.1%
0.775,61,0.0%
0.77625,3528,0.4%
0.778125,900,0.1%
0.778125,23,0.0%
0.78,103,0.0%
0.7845,9,0.0%
0.785625,319,0.0%
0.7875,2386,0.2%
0.789375,2921,0.3%
0.79125,2150,0.2%
0.793125,3,0.0%
0.793125,25,0.0%
0.795,112,0.0%
0.7995,10,0.0%
0.800625,1,0.0%
0.800625,2051,0.2%
0.8025,1565,0.2%
0.8025,255,0.0%
0.803125,134,0.0%
0.804375,3616,0.4%
0.80625,699,0.1%
0.80625,697,0.1%
0.808125,223,0.0%
0.81,257,0.0%
0.815625,157,0.0%
0.8175,3504,0.4%
0.819375,1829,0.2%
0.82125,489,0.0%
0.823125,326,0.0%
0.825,32,0.0%
0.825,335,0.0%
0.830625,101,0.0%
0.83125,380,0.0%
0.8325,3943,0.4%
0.834375,696,0.1%
0.834375,153,0.0%
0.83625,816,0.1%
0.838125,40,0.0%
0.84,556,0.1%
0.845625,866,0.1%
0.8475,1496,0.2%
0.849375,720,0.1%
0.85125,1140,0.1%
0.853125,10,0.0%
0.853125,250,0.0%
0.855,505,0.1%
0.859375,929,0.1%
0.860625,502,0.1%
0.8625,591,0.1%
0.8625,1942,0.2%
0.864375,143,0.0%
0.86625,173,0.0%
0.86625,906,0.1%
0.868125,10,0.0%
0.8695,5,0.0%
0.87,612,0.1%
0.875625,769,0.1%
0.8775,538,0.1%
0.879375,537,0.1%
0.88125,514,0.1%
0.88125,212,0.0%
0.883125,2,0.0%
0.8845,231,0.0%
0.885,962,0.1%
0.8875,973,0.1%
0.890625,1157,0.1%
0.8925,722,0.1%
0.893125,21,0.0%
0.894375,116,0.0%
0.894375,310,0.0%
0.89625,227,0.0%
0.898125,212,0.0%
0.8995,389,0.0%
0.9,69,0.0%
0.905625,312,0.0%
0.9075,1395,0.1%
0.908125,214,0.0%
0.909375,737,0.1%
0.91125,93,0.0%
0.913125,357,0.0%
0.9145,335,0.0%
0.915,98,0.0%
0.915625,4304,0.4%
0.920625,138,0.0%
0.9225,1688,0.2%
0.923125,1118,0.1%
0.924375,686,0.1%
0.925,3,0.0%
0.92625,391,0.0%
0.9295,481,0.0%
0.93,60,0.0%
0.935625,395,0.0%
0.9375,760,0.1%
0.938125,489,0.0%
0.939375,125,0.0%
0.94,1,0.0%
0.94125,286,0.0%
0.9445,197,0.0%
0.945,119,0.0%
0.950625,104,0.0%
0.9525,81,0.0%
0.953125,833,0.1%
0.954375,442,0.0%
0.95625,67,0.0%
0.958125,37,0.0%
0.9595,59,0.0%
0.96,13,0.0%
0.965625,385,0.0%
0.965625,166,0.0%
0.9675,321,0.0%
0.968125,904,0.1%
0.969375,66,0.0%
0.97125,45,0.0%
0.973125,21,0.0%
0.9745,83,0.0%
0.975,31,0.0%
0.980625,255,0.0%
0.9825,304,0.0%
0.983125,75,0.0%
0.984375,58,0.0%
0.98625,62,0.0%
0.988125,8,0.0%
0.9895,92,0.0%
0.99,105,0.0%
0.995625,189,0.0%
0.9975,452,0.0%
0.998125,170,0.0%
0.999375,71,0.0%
1,93,0.0%
1.00125,19,0.0%
1.0045,28,0.0%
1.005,6,0.0%
1.010625,648,0.1%
1.0125,389,0.0%
1.013125,88,0.0%
1.014375,143,0.0%
1.015,42,0.0%
1.01625,4,0.0%
1.018125,23,0.0%
1.02,20,0.0%
1.025625,258,0.0%
1.0275,52,0.0%
1.028125,77,0.0%
1.029375,336,0.0%
1.03,41,0.0%
1.03125,26,0.0%
1.0345,58,0.0%
1.040625,130,0.0%
1.0425,34,0.0%
1.043125,305,0.0%
1.044375,263,0.0%
1.045,123,0.0%
1.04625,92,0.0%
1.0495,27,0.0%
1.05,12,0.0%
1.055625,31,0.0%
1.0575,212,0.0%
1.058125,145,0.0%
1.059375,39,0.0%
1.059375,113,0.0%
1.06,65,0.0%
1.06125,23,0.0%
1.065625,3,0.0%
1.070625,61,0.0%
1.07125,5,0.0%
1.0725,93,0.0%
1.073125,186,0.0%
1.074375,119,0.0%
1.075,11,0.0%
1.07625,145,0.0%
1.0795,27,0.0%
1.08,17,0.0%
1.084375,26,0.0%
1.085625,680,0.1%
1.08625,49,0.0%
1.0875,232,0.0%
1.088125,28,0.0%
1.089375,30,0.0%
1.09,76,0.0%
1.09125,28,0.0%
1.0945,29,0.0%
1.095,79,0.0%
1.099375,4,0.0%
1.1,1713,0.2%
1.100625,184,0.0%
1.10125,20,0.0%
1.1025,29,0.0%
1.103125,93,0.0%
1.104375,64,0.0%
1.105,69,0.0%
1.10625,5,0.0%
1.11,101,0.0%
1.1125,83,0.0%
1.115625,122,0.0%
1.11625,974,0.1%
1.118125,958,0.1%
1.119375,41,0.0%
1.12,87,0.0%
1.123125,30,0.0%
1.1245,27,0.0%
1.1275,10,0.0%
1.128125,9,0.0%
1.129375,496,0.1%
1.130625,22,0.0%
1.13125,44,0.0%
1.133125,740,0.1%
1.134375,1,0.0%
1.135,111,0.0%
1.135,34,0.0%
1.13625,4,0.0%
1.138125,33,0.0%
1.144375,1184,0.1%
1.145625,263,0.0%
1.14625,743,0.1%
1.1475,35,0.0%
1.148125,1126,0.1%
1.15,270,0.0%
1.15125,113,0.0%
1.1545,1,0.0%
1.1575,38,0.0%
1.159375,30,0.0%
1.160625,177,0.0%
1.16125,1116,0.1%
1.1625,33,0.0%
1.163125,821,0.1%
1.164375,40,0.0%
1.165,387,0.0%
1.16625,172,0.0%
1.1725,1059,0.1%
1.174375,370,0.0%
1.175625,41,0.0%
1.17625,3033,0.3%
1.1775,111,0.0%
1.178125,553,0.1%
1.179375,76,0.0%
1.18,216,0.0%
1.1845,30,0.0%
1.1875,349,0.0%
1.189375,349,0.0%
1.190625,88,0.0%
1.19125,4624,0.5%
1.1925,27,0.0%
1.193125,1088,0.1%
1.194375,88,0.0%
1.195,271,0.0%
1.200625,665,0.1%
1.2025,80,0.0%
1.204375,3002,0.3%
1.20625,1673,0.2%
1.2075,16,0.0%
1.208125,176,0.0%
1.21,366,0.0%
1.2145,48,0.0%
1.215625,526,0.1%
1.2175,15,0.0%
1.219375,4556,0.5%
1.220625,223,0.0%
1.22125,999,0.1%
1.2225,497,0.1%
1.223125,159,0.0%
1.225,106,0.0%
1.22875,16,0.0%
1.230625,2736,0.3%
1.2325,541,0.1%
1.234375,1486,0.2%
1.23625,609,0.1%
1.2375,6,0.0%
1.238125,219,0.0%
1.24,151,0.0%
1.245625,635,0.1%
1.2475,1651,0.2%
1.249375,1674,0.2%
1.250625,128,0.0%
1.25125,1330,0.1%
1.253125,85,0.0%
1.255,394,0.0%
1.25875,77,0.0%
1.260625,2480,0.3%
1.2625,1274,0.1%
1.264375,1962,0.2%
1.265625,258,0.0%
1.26625,3571,0.4%
1.268125,258,0.0%
1.27,631,0.1%
1.275625,916,0.1%
1.275625,456,0.0%
1.2775,1470,0.1%
1.279375,914,0.1%
1.28125,1903,0.2%
1.283125,96,0.0%
1.285,1117,0.1%
1.290625,1842,0.2%
1.2925,3542,0.4%
1.294375,1149,0.1%
1.29625,3027,0.3%
1.298125,67,0.0%
1.3,924,0.1%
1.305625,731,0.1%
1.3075,838,0.1%
1.309375,640,0.1%
1.31125,2407,0.2%
1.313125,300,0.0%
1.315,58,0.0%
1.315,551,0.1%
1.31875,59,0.0%
1.320625,1380,0.1%
1.3225,494,0.1%
1.3225,1179,0.1%
1.324375,2990,0.3%
1.325,1,0.0%
1.32625,1134,0.1%
1.328125,10,0.0%
1.33,515,0.1%
1.33375,15,0.0%
1.3345,18,0.0%
1.335625,834,0.1%
1.3375,2862,0.3%
1.339375,3845,0.4%
1.34125,3980,0.4%
1.343125,73,0.0%
1.345,225,0.0%
1.3495,17,0.0%
1.350625,1532,0.2%
1.3525,1035,0.1%
1.353125,13,0.0%
1.354375,1946,0.2%
1.35625,57,0.0%
1.35625,226,0.0%
1.358125,9,0.0%
1.36,313,0.0%
1.365625,1580,0.2%
1.3675,6980,0.7%
1.369375,5852,0.6%
1.37125,1032,0.1%
1.373125,32,0.0%
1.375,260,0.0%
1.380625,285,0.0%
1.380625,593,0.1%
1.38125,116,0.0%
1.3825,3489,0.4%
1.384375,1361,0.1%
1.38625,710,0.1%
1.388125,44,0.0%
1.39,443,0.0%
1.395625,3823,0.4%
1.3975,3211,0.3%
1.399375,2085,0.2%
1.40125,377,0.0%
1.403125,50,0.0%
1.405,757,0.1%
1.409375,289,0.0%
1.410625,6454,0.7%
1.4125,3137,0.3%
1.414375,1320,0.1%
1.41625,22,0.0%
1.41625,402,0.0%
1.418125,54,0.0%
1.42,346,0.0%
1.425625,6414,0.6%
1.4275,1960,0.2%
1.429375,1342,0.1%
1.43125,113,0.0%
1.435,928,0.1%
1.4375,1538,0.2%
1.440625,6475,0.7%
1.4425,1406,0.1%
1.444375,923,0.1%
1.44625,117,0.0%
1.448125,30,0.0%
1.45,211,0.0%
1.455625,4575,0.5%
1.4575,5568,0.6%
1.458125,77,0.0%
1.459375,2126,0.2%
1.46125,68,0.0%
1.463125,158,0.0%
1.4645,3,0.0%
1.465,44,0.0%
1.465625,410,0.0%
1.470625,3038,0.3%
1.4725,2828,0.3%
1.473125,234,0.0%
1.474375,1445,0.1%
1.47625,478,0.0%
1.48,61,0.0%
1.485625,5447,0.6%
1.4875,1187,0.1%
1.4875,235,0.0%
1.488125,154,0.0%
1.489375,1322,0.1%
1.49125,255,0.0%
1.495,73,0.0%
1.500625,8964,0.9%
1.5025,1317,0.1%
1.503125,197,0.0%
1.504375,3252,0.3%
1.50625,120,0.0%
1.508125,34,0.0%
1.51,55,0.0%
1.515625,4133,0.4%
1.5175,659,0.1%
1.518125,66,0.0%
1.519375,1187,0.1%
1.52125,37,0.0%
1.523125,32,0.0%
1.525,28,0.0%
1.530625,5023,0.5%
1.5325,2283,0.2%
1.534375,1150,0.1%
1.53625,19,0.0%
1.538125,165,0.0%
1.54,58,0.0%
1.545625,1254,0.1%
1.5475,1753,0.2%
1.549375,905,0.1%
1.55,24,0.0%
1.55125,123,0.0%
1.553125,28,0.0%
1.555,26,0.0%
1.560625,5069,0.5%
1.5625,1143,0.1%
1.564375,803,0.1%
1.56625,122,0.0%
1.568125,36,0.0%
1.57,16,0.0%
1.575625,5681,0.6%
1.5775,581,0.1%
1.579375,1989,0.2%
1.58,1,0.0%
1.58125,73,0.0%
1.583125,68,0.0%
1.585,22,0.0%
1.590625,2346,0.2%
1.5925,529,0.1%
1.593125,151,0.0%
1.594375,1197,0.1%
1.595,6,0.0%
1.59625,168,0.0%
1.598125,12,0.0%
1.6,25,0.0%
1.60375,15,0.0%
1.605625,2323,0.2%
1.6075,1345,0.1%
1.609375,184,0.0%
1.609375,135,0.0%
1.61125,27,0.0%
1.613125,14,0.0%
1.620625,1051,0.1%
1.6225,1495,0.2%
1.624375,427,0.0%
1.62625,207,0.0%
1.63,10,0.0%
1.635625,3156,0.3%
1.6375,1016,0.1%
1.6375,406,0.0%
1.639375,1066,0.1%
1.64125,92,0.0%
1.645,21,0.0%
1.65,385,0.0%
1.650625,2096,0.2%
1.65125,62,0.0%
1.6525,974,0.1%
1.654375,1846,0.2%
1.65625,3,0.0%
1.66,98,0.0%
1.665625,1699,0.2%
1.6675,398,0.0%
1.668125,306,0.0%
1.669375,225,0.0%
1.67,1,0.0%
1.67125,1,0.0%
1.673125,3,0.0%
1.679375,460,0.0%
1.680625,165,0.0%
1.6825,927,0.1%
1.683125,28,0.0%
1.684375,157,0.0%
1.68625,13,0.0%
1.688125,9,0.0%
1.694375,199,0.0%
1.695625,1869,0.2%
1.69625,26,0.0%
1.6975,282,0.0%
1.699375,385,0.0%
1.7,2,0.0%
1.70125,152,0.0%
1.7075,18,0.0%
1.710625,1561,0.2%
1.71125,110,0.0%
1.7125,170,0.0%
1.714375,289,0.0%
1.715,11,0.0%
1.71625,179,0.0%
1.7225,766,0.1%
1.724375,110,0.0%
1.725625,1845,0.2%
1.72625,716,0.1%
1.7275,89,0.0%
1.729375,783,0.1%
1.73,3,0.0%
1.739375,389,0.0%
1.740625,1344,0.1%
1.74125,143,0.0%
1.7425,153,0.0%
1.744375,655,0.1%
1.745,46,0.0%
1.750625,182,0.0%
1.7525,1,0.0%
1.754375,2657,0.3%
1.755625,43,0.0%
1.75625,340,0.0%
1.7575,126,0.0%
1.759375,87,0.0%
1.76,102,0.0%
1.7675,55,0.0%
1.769375,2550,0.3%
1.770625,905,0.1%
1.77125,124,0.0%
1.7725,947,0.1%
1.773125,1,0.0%
1.775,16,0.0%
1.7825,1043,0.1%
1.784375,327,0.0%
1.785625,155,0.0%
1.78625,76,0.0%
1.7875,262,0.0%
1.79,20,0.0%
1.7975,5104,0.5%
1.799375,250,0.0%
1.800625,1421,0.1%
1.80125,470,0.0%
1.805,60,0.0%
1.8125,1150,0.1%
1.814375,86,0.0%
1.815625,757,0.1%
1.81625,793,0.1%
1.818125,4,0.0%
1.82,135,0.0%
1.825625,1177,0.1%
1.8275,520,0.1%
1.829375,697,0.1%
1.83125,220,0.0%
1.835,835,0.1%
1.840625,220,0.0%
1.8425,381,0.0%
1.844375,4,0.0%
1.844375,1418,0.1%
1.84625,583,0.1%
1.85,466,0.0%
1.855625,230,0.0%
1.8575,39,0.0%
1.859375,117,0.0%
1.86125,320,0.0%
1.865,456,0.0%
1.870625,181,0.0%
1.8725,3741,0.4%
1.874375,237,0.0%
1.87625,107,0.0%
1.88,252,0.0%
1.8845,2,0.0%
1.8875,4061,0.4%
1.889375,124,0.0%
1.89125,160,0.0%
1.893125,29,0.0%
1.895,379,0.0%
1.8995,3,0.0%
1.900625,386,0.0%
1.9025,14,0.0%
1.9025,2697,0.3%
1.904375,389,0.0%
1.90625,282,0.0%
1.91,1266,0.1%
1.915625,816,0.1%
1.9175,2149,0.2%
1.919375,410,0.0%
1.92125,758,0.1%
1.923125,3,0.0%
1.925,1236,0.1%
1.930625,1017,0.1%
1.93125,4,0.0%
1.9325,805,0.1%
1.934375,224,0.0%
1.93625,440,0.0%
1.94,565,0.1%
1.945625,1335,0.1%
1.9475,973,0.1%
1.949375,220,0.0%
1.95125,179,0.0%
1.953125,2,0.0%
1.955,439,0.0%
1.959375,33,0.0%
1.960625,269,0.0%
1.9625,356,0.0%
1.964375,161,0.0%
1.96625,222,0.0%
1.97,88,0.0%
1.975625,292,0.0%
1.9775,1447,0.1%
1.979375,254,0.0%
1.98125,165,0.0%
1.985,1492,0.2%
1.9875,194,0.0%
1.990625,106,0.0%
1.9925,87,0.0%
1.994375,460,0.0%
1.99625,473,0.0%
1.998125,3,0.0%
2,1441,0.1%
2.005625,103,0.0%
2.0075,1208,0.1%
2.009375,342,0.0%
2.009375,752,0.1%
2.01125,96,0.0%
2.013125,2,0.0%
2.015,1,0.0%
2.015625,2,0.0%
2.020625,71,0.0%
2.0225,3641,0.4%
2.024375,754,0.1%
2.02625,617,0.1%
2.035625,557,0.1%
2.0375,2144,0.2%
2.039375,189,0.0%
2.04125,645,0.1%
2.045,7,0.0%
2.050625,873,0.1%
2.0525,2673,0.3%
2.054375,1844,0.2%
2.05625,195,0.0%
2.06,1,0.0%
2.065625,217,0.0%
2.065625,120,0.0%
2.0675,435,0.0%
2.069375,1000,0.1%
2.07125,122,0.0%
2.075,4,0.0%
2.080625,682,0.1%
2.0825,3422,0.3%
2.084375,480,0.0%
2.08625,189,0.0%
2.088125,1,0.0%
2.09,6,0.0%
2.095625,128,0.0%
2.0975,4323,0.4%
2.099375,418,0.0%
2.1,1,0.0%
2.10125,150,0.0%
2.105,10,0.0%
2.110625,2139,0.2%
2.1125,2101,0.2%
2.114375,415,0.0%
2.11625,77,0.0%
2.118125,2,0.0%
2.125625,1887,0.2%
2.1275,1230,0.1%
2.129375,1228,0.1%
2.13125,64,0.0%
2.135,18,0.0%
2.140625,1329,0.1%
2.1425,160,0.0%
2.144375,649,0.1%
2.14625,355,0.0%
2.15375,11,0.0%
2.155625,1170,0.1%
2.1575,2621,0.3%
2.159375,134,0.0%
2.159375,90,0.0%
2.16125,156,0.0%
2.170625,390,0.0%
2.1725,6893,0.7%
2.174375,294,0.0%
2.17625,96,0.0%
2.18,2,0.0%
2.185625,2333,0.2%
2.1875,1645,0.2%
2.189375,289,0.0%
2.19125,35,0.0%
2.195,3,0.0%
2.200625,1301,0.1%
2.2025,729,0.1%
2.204375,775,0.1%
2.21,14,0.0%
2.215625,371,0.0%
2.2175,1040,0.1%
2.219375,209,0.0%
2.230625,215,0.0%
2.2325,2897,0.3%
2.234375,200,0.0%
2.23625,15,0.0%
2.245625,798,0.1%
2.2475,4185,0.4%
2.25125,78,0.0%
2.260625,2374,0.2%
2.2625,1978,0.2%
2.264375,204,0.0%
2.265,1,0.0%
2.26625,111,0.0%
2.275625,685,0.1%
2.2775,189,0.0%
2.279375,366,0.0%
2.290625,293,0.0%
2.2925,1022,0.1%
2.294375,988,0.1%
2.30625,178,0.0%
2.3075,225,0.0%
2.309375,10,0.0%
2.320625,921,0.1%
2.32125,90,0.0%
2.3225,4402,0.4%
2.335625,271,0.0%
2.33625,14,0.0%
2.3375,2726,0.3%
2.350625,1811,0.2%
2.35125,14,0.0%
2.365625,543,0.1%
2.37,2,0.0%
2.38125,20,0.0%
2.385,2,0.0%
2.39625,94,0.0%
2.4,14,0.0%
2.415,31,0.0%
2.42625,5,0.0%
2.43,54,0.0%
2.443125,1,0.0%
2.445,12,0.0%
2.46,234,0.0%
2.4675,2,0.0%
2.47125,1,0.0%
2.475,49,0.0%
2.4825,4,0.0%
2.49,16,0.0%
2.505,97,0.0%
2.5125,27,0.0%
2.51625,2,0.0%
2.52,4,0.0%
2.5275,11,0.0%
2.535,10,0.0%
2.544375,2,0.0%
2.54625,3,0.0%
2.55,62,0.0%
2.5575,15,0.0%
2.57625,1,0.0%
2.59125,6,0.0%
2.604375,1,0.0%
2.6325,2,0.0%
2.6475,24,0.0%
2.65125,1,0.0%
2.6625,31,0.0%
2.664375,2,0.0%
2.675625,8,0.0%
2.6775,11,0.0%
2.679375,1,0.0%
2.685,1,0.0%
2.694375,4,0.0%
2.69625,6,0.0%
2.709375,27,0.0%
2.709375,1,0.0%
2.7225,3,0.0%
2.724375,2,0.0%
2.72625,1,0.0%
2.7375,21,0.0%
2.739375,3,0.0%
2.7525,21,0.0%
2.754375,9,0.0%
2.76,1,0.0%
2.7675,21,0.0%
2.769375,14,0.0%
2.784375,3,0.0%
2.7975,539,0.1%
2.80125,2,0.0%
2.8125,94,0.0%
2.81625,5,0.0%
2.8275,3,0.0%
2.829375,5,0.0%
2.844375,4,0.0%
2.859375,3,0.0%
2.8725,26,0.0%
2.8875,49,0.0%
Total,987427,-
